topic,visual,wiki_title,status
Artificial Intelligence,neural,Artificial_intelligence,pending
Blockchain,chain,Blockchain,pending
Industrial Robots,robot,Industrial_robot,pending
Smart Cities,network,Smart_city,pending
Quantum Computing,orbit,Quantum_computing,pending
Generative AI,neural,Generative_artificial_intelligence,pending
Smart Contracts,chain,Smart_contract,pending
Humanoid Robots,robot,Humanoid_robot,pending
Internet of Things,network,Internet_of_things,pending
Large Language Models,neural,Large_language_model,pending
Cryptocurrency,chain,Cryptocurrency,pending
Automation,robot,Automation,pending
Self-Driving Cars,network,Self-driving_car,pending
Fourth Industrial Revolution,network,Fourth_Industrial_Revolution,pending
Machine Learning,neural,Machine_learning,pending
Central Bank Digital Currency,chain,Central_bank_digital_currency,pending
3D Printing,robot,3D_printing,pending
Digital Twins,network,Digital_twin,pending
Computer Vision,neural,Computer_vision,pending
Decentralized Finance,chain,Decentralized_finance,pending
Delivery Robots,robot,Delivery_robot,pending
Drones,network,Unmanned_aerial_vehicle,pending
Brain-Computer Interfaces,neural,Brain–computer_interface,pending
Smart Grid,network,Smart_grid,pending
Augmented Reality,orbit,Augmented_reality,pending
Cloud Computing,network,Cloud_computing,pending
5G Networks,network,5G,pending
Nanotechnology,orbit,Nanotechnology,pending
Gene Editing,orbit,CRISPR_gene_editing,pending
Electric Vehicles,network,Electric_vehicle,pending
Edge Computing,network,Edge_computing,pending
Hydrogen Economy,orbit,Hydrogen_economy,pending
Virtual Reality,orbit,Virtual_reality,pending
Vertical Farming,network,Vertical_farming,pending
Cultured Meat,orbit,Cultured_meat,pending
Satellite Internet,network,Satellite_internet_constellation,pending
