name,country,era,invention,wiki_title,status
Ismail al-Jazari,Upper Mesopotamia,12th–13th century,Programmable automata and water clocks,Ismail_al-Jazari,posted
Ibn al-Haytham,Iraq / Egypt,10th–11th century,Optics and the camera obscura,Ibn_al-Haytham,pending
Bi Sheng,China,11th century,Movable type printing,Bi_Sheng,pending
Zhang Heng,China,1st–2nd century,Seismoscope,Zhang_Heng,pending
Jagadish Chandra Bose,India,19th–20th century,Radio and microwave research,Jagadish_Chandra_Bose,pending
Garrett Morgan,USA,19th–20th century,Traffic signal and safety hood,Garrett_Morgan,pending
Hedy Lamarr,Austria / USA,20th century,Frequency hopping,Hedy_Lamarr,pending
Grace Hopper,USA,20th century,Compilers and COBOL,Grace_Hopper,pending
Akira Yoshino,Japan,20th–21st century,Lithium-ion battery,Akira_Yoshino,pending
Al-Khwarizmi,Persia / Baghdad,9th century,Algebra and algorithms,Al-Khwarizmi,pending
Banu Musa,Baghdad,9th century,Book of Ingenious Devices,Banu_Musa,pending
Abbas ibn Firnas,Al-Andalus,9th century,Early flight attempt and water clock,Abbas_ibn_Firnas,pending
Cai Lun,China,1st–2nd century,Papermaking,Cai_Lun,pending
Su Song,China,11th century,Astronomical clock tower,Su_Song,pending
Shen Kuo,China,11th century,Magnetic compass description,Shen_Kuo,pending
Jang Yeong-sil,Korea,15th century,Water clock and rain gauge,Chang_Yŏngsil,pending
Sakichi Toyoda,Japan,19th–20th century,Automatic power loom,Sakichi_Toyoda,pending
Shuji Nakamura,Japan,20th–21st century,Blue LED,Shuji_Nakamura,pending
Narinder Singh Kapany,India / USA,20th century,Fibre optics,Narinder_Singh_Kapany,pending
Hero of Alexandria,Egypt,1st century,Steam-powered aeolipile,Hero_of_Alexandria,pending
Archimedes,Sicily,3rd century BC,Archimedes' screw and levers,Archimedes,pending
Johannes Gutenberg,Germany,15th century,Printing press,Johannes_Gutenberg,pending
Charles Babbage,England,19th century,Difference and Analytical Engines,Charles_Babbage,pending
Ada Lovelace,England,19th century,First published computer program,Ada_Lovelace,pending
Konrad Zuse,Germany,20th century,Programmable computer Z3,Konrad_Zuse,pending
Alan Turing,England,20th century,Foundations of computing,Alan_Turing,pending
Nikola Tesla,Serbia / USA,19th–20th century,Alternating current systems,Nikola_Tesla,pending
Granville Woods,USA,19th century,Railway telegraph,Granville_Woods,pending
Lewis Howard Latimer,USA,19th century,Carbon filaments for light bulbs,Lewis_Howard_Latimer,pending
Mary Anderson,USA,19th–20th century,Windshield wiper,Mary_Anderson_(inventor),pending
Alberto Santos-Dumont,Brazil,19th–20th century,Early powered flight,Alberto_Santos-Dumont,pending
Guillermo González Camarena,Mexico,20th century,Colour television system,Guillermo_González_Camarena,pending
László Bíró,Hungary / Argentina,20th century,Ballpoint pen,László_Bíró,pending
Philo Farnsworth,USA,20th century,Electronic television,Philo_Farnsworth,pending
